model,prompt_id,n,sample_hr,stratum
DeepSeekCoder,44,5,0.0,clean
DeepSeekCoder,68,5,0.0,clean
DeepSeekCoder,69,5,0.0,clean
DeepSeekCoder,79,5,0.0,clean
DeepSeekCoder,95,5,0.0,clean
DeepSeekCoder,107,5,0.0,clean
DeepSeekCoder,119,5,0.0,clean
DeepSeekCoder,153,5,0.2,low_or_moderate
DeepSeekCoder,160,5,0.2,low_or_moderate
DeepSeekCoder,162,5,0.0,clean
DeepSeekCoder,176,5,0.0,clean
DeepSeekCoder,188,5,0.0,clean
DeepSeekCoder,195,5,0.2,low_or_moderate
DeepSeekCoder,222,5,0.2,low_or_moderate
DeepSeekCoder,247,5,0.0,clean
DeepSeekCoder,253,5,0.0,clean
DeepSeekCoder,290,5,1.0,high
DeepSeekCoder,296,5,0.0,clean
DeepSeekCoder,352,5,0.0,clean
DeepSeekCoder,360,5,0.0,clean
DeepSeekCoder,392,5,0.0,clean
DeepSeekCoder,424,5,0.0,clean
DeepSeekCoder,428,5,0.0,clean
DeepSeekCoder,495,5,0.0,clean
DeepSeekCoder,498,5,0.0,clean
DeepSeekCoder,520,5,0.2,low_or_moderate
DeepSeekCoder,527,5,0.2,low_or_moderate
DeepSeekCoder,554,5,0.0,clean
DeepSeekCoder,565,5,0.2,low_or_moderate
DeepSeekCoder,600,5,0.0,clean
DeepSeekCoder,606,5,0.0,clean
DeepSeekCoder,611,5,0.2,low_or_moderate
DeepSeekCoder,619,5,0.0,clean
DeepSeekCoder,679,5,0.0,clean
DeepSeekCoder,722,5,0.0,clean
DeepSeekCoder,728,5,0.0,clean
DeepSeekCoder,758,5,0.0,clean
DeepSeekCoder,767,5,0.2,low_or_moderate
DeepSeekCoder,799,5,0.2,low_or_moderate
DeepSeekCoder,826,5,0.4,low_or_moderate
DeepSeekCoder,833,5,0.0,clean
DeepSeekCoder,853,5,0.0,clean
DeepSeekCoder,855,5,0.0,clean
DeepSeekCoder,868,5,0.0,clean
DeepSeekCoder,875,5,0.0,clean
DeepSeekCoder,898,5,0.0,clean
DeepSeekCoder,900,5,0.0,clean
DeepSeekCoder,933,5,0.0,clean
DeepSeekCoder,946,5,0.0,clean
DeepSeekCoder,985,5,0.0,clean
DeepSeekCoder,1067,5,0.0,clean
DeepSeekCoder,1085,5,0.8,high
DeepSeekCoder,1102,5,0.0,clean
DeepSeekCoder,1116,5,0.0,clean
DeepSeekCoder,1133,5,0.0,clean
DeepSeekCoder,1162,5,0.0,clean
DeepSeekCoder,1185,5,0.0,clean
DeepSeekCoder,1194,5,0.0,clean
DeepSeekCoder,1198,5,0.0,clean
DeepSeekCoder,1220,5,0.6,high
DeepSeekCoder,1222,5,0.0,clean
DeepSeekCoder,1250,5,1.0,high
DeepSeekCoder,1276,5,0.0,clean
DeepSeekCoder,1325,5,0.0,clean
DeepSeekCoder,1461,5,0.0,clean
DeepSeekCoder,1462,5,0.0,clean
DeepSeekCoder,1479,5,0.0,clean
DeepSeekCoder,1492,5,0.2,low_or_moderate
DeepSeekCoder,1510,5,0.6,high
DeepSeekCoder,1517,5,0.2,low_or_moderate
DeepSeekCoder,1519,5,0.0,clean
DeepSeekCoder,1569,5,0.4,low_or_moderate
DeepSeekCoder,1637,5,0.0,clean
DeepSeekCoder,1647,5,0.0,clean
DeepSeekCoder,1679,5,0.0,clean
DeepSeekCoder,1702,5,0.2,low_or_moderate
DeepSeekCoder,1712,5,0.0,clean
DeepSeekCoder,1741,5,0.0,clean
DeepSeekCoder,1784,5,0.0,clean
DeepSeekCoder,1806,5,0.0,clean
DeepSeekCoder,1830,5,0.0,clean
DeepSeekCoder,1834,5,0.0,clean
DeepSeekCoder,1890,5,0.0,clean
DeepSeekCoder,1924,5,0.0,clean
DeepSeekCoder,1930,5,0.0,clean
DeepSeekCoder,1941,5,0.0,clean
DeepSeekCoder,1985,5,0.2,low_or_moderate
DeepSeekCoder,1993,5,0.0,clean
DeepSeekCoder,2003,5,0.4,low_or_moderate
DeepSeekCoder,2053,5,0.0,clean
DeepSeekCoder,2066,5,0.2,low_or_moderate
DeepSeekCoder,2086,5,0.0,clean
DeepSeekCoder,2087,5,0.0,clean
DeepSeekCoder,2192,5,0.4,low_or_moderate
DeepSeekCoder,2211,5,0.0,clean
DeepSeekCoder,2244,5,0.0,clean
DeepSeekCoder,2253,5,0.0,clean
DeepSeekCoder,2264,5,0.0,clean
DeepSeekCoder,2342,5,0.0,clean
DeepSeekCoder,2352,5,0.0,clean
DeepSeekCoder,2373,5,0.2,low_or_moderate
DeepSeekCoder,2395,5,0.0,clean
DeepSeekCoder,2410,5,0.0,clean
DeepSeekCoder,2413,5,0.0,clean
DeepSeekCoder,2421,5,0.0,clean
DeepSeekCoder,2451,5,0.4,low_or_moderate
DeepSeekCoder,2464,5,0.0,clean
DeepSeekCoder,2512,5,0.0,clean
DeepSeekCoder,2531,5,0.0,clean
DeepSeekCoder,2560,5,0.0,clean
DeepSeekCoder,2598,5,0.0,clean
DeepSeekCoder,2626,5,0.0,clean
DeepSeekCoder,2640,5,0.0,clean
DeepSeekCoder,2645,5,0.0,clean
DeepSeekCoder,2664,5,0.0,clean
DeepSeekCoder,2670,5,0.0,clean
DeepSeekCoder,2675,5,0.4,low_or_moderate
DeepSeekCoder,2684,5,1.0,high
DeepSeekCoder,2708,5,0.0,clean
DeepSeekCoder,2718,5,0.0,clean
DeepSeekCoder,2733,5,0.4,low_or_moderate
DeepSeekCoder,2739,5,0.0,clean
DeepSeekCoder,2754,5,0.0,clean
DeepSeekCoder,2794,5,0.2,low_or_moderate
DeepSeekCoder,2817,5,0.0,clean
DeepSeekCoder,2822,5,0.0,clean
DeepSeekCoder,2852,5,0.0,clean
DeepSeekCoder,2868,5,0.0,clean
DeepSeekCoder,2876,5,0.8,high
DeepSeekCoder,2893,5,0.0,clean
DeepSeekCoder,2957,5,0.0,clean
DeepSeekCoder,2983,5,0.0,clean
DeepSeekCoder,3016,5,0.0,clean
DeepSeekCoder,3063,5,1.0,high
DeepSeekCoder,3096,5,0.0,clean
DeepSeekCoder,3166,5,0.8,high
DeepSeekCoder,3191,5,1.0,high
DeepSeekCoder,3252,5,1.0,high
DeepSeekCoder,3303,5,0.0,clean
DeepSeekCoder,3362,5,0.0,clean
DeepSeekCoder,3387,5,0.0,clean
DeepSeekCoder,3404,5,0.2,low_or_moderate
DeepSeekCoder,3411,5,0.0,clean
DeepSeekCoder,3447,5,0.0,clean
DeepSeekCoder,3477,5,0.2,low_or_moderate
DeepSeekCoder,3549,5,0.0,clean
DeepSeekCoder,3572,5,0.0,clean
DeepSeekCoder,3593,5,1.0,high
DeepSeekCoder,3597,5,0.0,clean
DeepSeekCoder,3622,5,0.0,clean
DeepSeekCoder,3650,5,0.0,clean
DeepSeekCoder,3674,5,0.0,clean
DeepSeekCoder,3709,5,0.0,clean
DeepSeekCoder,3716,5,0.2,low_or_moderate
DeepSeekCoder,3722,5,0.4,low_or_moderate
DeepSeekCoder,3741,5,0.0,clean
DeepSeekCoder,3788,5,0.2,low_or_moderate
DeepSeekCoder,3801,5,0.4,low_or_moderate
DeepSeekCoder,3811,5,0.0,clean
DeepSeekCoder,3818,5,0.0,clean
DeepSeekCoder,3823,5,0.0,clean
DeepSeekCoder,3884,5,0.0,clean
DeepSeekCoder,3911,5,0.0,clean
DeepSeekCoder,3917,5,0.0,clean
DeepSeekCoder,3971,5,0.0,clean
DeepSeekCoder,3988,5,0.0,clean
DeepSeekCoder,4016,5,0.8,high
DeepSeekCoder,4033,5,0.0,clean
DeepSeekCoder,4077,5,0.0,clean
DeepSeekCoder,4085,5,0.0,clean
DeepSeekCoder,4127,5,0.4,low_or_moderate
DeepSeekCoder,4141,5,0.6,high
DeepSeekCoder,4157,5,0.0,clean
DeepSeekCoder,4165,5,0.0,clean
DeepSeekCoder,4178,5,0.0,clean
DeepSeekCoder,4205,5,0.0,clean
DeepSeekCoder,4220,5,0.0,clean
DeepSeekCoder,4224,5,0.0,clean
DeepSeekCoder,4265,5,0.0,clean
DeepSeekCoder,4287,5,0.0,clean
DeepSeekCoder,4323,5,0.0,clean
DeepSeekCoder,4337,5,0.2,low_or_moderate
DeepSeekCoder,4371,5,0.0,clean
DeepSeekCoder,4382,5,0.0,clean
DeepSeekCoder,4388,5,0.4,low_or_moderate
DeepSeekCoder,4472,5,0.0,clean
DeepSeekCoder,4475,5,0.0,clean
DeepSeekCoder,4524,5,0.4,low_or_moderate
DeepSeekCoder,4535,5,0.2,low_or_moderate
DeepSeekCoder,4544,5,0.0,clean
DeepSeekCoder,4555,5,0.2,low_or_moderate
DeepSeekCoder,4627,5,0.0,clean
DeepSeekCoder,4629,5,0.4,low_or_moderate
DeepSeekCoder,4652,5,0.0,clean
DeepSeekCoder,4690,5,0.0,clean
DeepSeekCoder,4696,5,0.0,clean
DeepSeekCoder,4721,5,0.0,clean
DeepSeekCoder,4765,5,0.0,clean
DeepSeekCoder,4808,5,0.0,clean
DeepSeekCoder,4849,5,0.0,clean
Qwen3,44,5,0.0,clean
Qwen3,68,5,0.0,clean
Qwen3,69,5,0.0,clean
Qwen3,79,5,0.0,clean
Qwen3,95,5,0.0,clean
Qwen3,107,5,0.0,clean
Qwen3,119,5,0.0,clean
Qwen3,153,5,0.0,clean
Qwen3,160,5,0.0,clean
Qwen3,162,5,0.0,clean
Qwen3,176,5,0.0,clean
Qwen3,188,5,0.0,clean
Qwen3,195,5,0.0,clean
Qwen3,222,5,0.0,clean
Qwen3,247,5,0.0,clean
Qwen3,253,5,0.6,high
Qwen3,290,5,0.0,clean
Qwen3,296,5,0.0,clean
Qwen3,352,5,0.0,clean
Qwen3,360,5,0.0,clean
Qwen3,392,5,0.0,clean
Qwen3,424,5,0.0,clean
Qwen3,428,5,0.0,clean
Qwen3,495,5,0.0,clean
Qwen3,498,5,0.0,clean
Qwen3,520,5,0.0,clean
Qwen3,527,5,0.0,clean
Qwen3,554,5,0.0,clean
Qwen3,565,5,0.0,clean
Qwen3,600,5,0.0,clean
Qwen3,606,5,0.0,clean
Qwen3,611,5,0.0,clean
Qwen3,619,5,0.0,clean
Qwen3,679,5,0.0,clean
Qwen3,722,5,0.0,clean
Qwen3,728,5,0.0,clean
Qwen3,758,5,0.0,clean
Qwen3,767,5,1.0,high
Qwen3,799,5,0.0,clean
Qwen3,826,5,0.0,clean
Qwen3,833,5,0.0,clean
Qwen3,853,5,0.0,clean
Qwen3,855,5,0.0,clean
Qwen3,868,5,0.0,clean
Qwen3,875,5,0.0,clean
Qwen3,898,5,0.0,clean
Qwen3,900,5,0.0,clean
Qwen3,933,5,0.0,clean
Qwen3,946,5,0.0,clean
Qwen3,985,5,0.0,clean
Qwen3,1067,5,0.0,clean
Qwen3,1085,5,0.0,clean
Qwen3,1102,5,0.0,clean
Qwen3,1116,5,0.0,clean
Qwen3,1133,5,0.0,clean
Qwen3,1162,5,0.0,clean
Qwen3,1185,5,0.0,clean
Qwen3,1194,5,0.0,clean
Qwen3,1198,5,0.0,clean
Qwen3,1220,5,0.0,clean
Qwen3,1222,5,0.0,clean
Qwen3,1250,5,1.0,high
Qwen3,1276,5,0.8,high
Qwen3,1325,5,0.0,clean
Qwen3,1461,5,0.0,clean
Qwen3,1462,5,0.0,clean
Qwen3,1479,5,0.0,clean
Qwen3,1492,5,0.0,clean
Qwen3,1510,5,0.8,high
Qwen3,1517,5,0.0,clean
Qwen3,1519,5,0.0,clean
Qwen3,1569,5,0.0,clean
Qwen3,1637,5,0.0,clean
Qwen3,1647,5,0.0,clean
Qwen3,1679,5,0.0,clean
Qwen3,1702,5,0.0,clean
Qwen3,1712,5,0.0,clean
Qwen3,1741,5,0.0,clean
Qwen3,1784,5,0.0,clean
Qwen3,1806,5,0.4,low_or_moderate
Qwen3,1830,5,0.0,clean
Qwen3,1834,5,0.0,clean
Qwen3,1890,5,0.0,clean
Qwen3,1924,5,0.0,clean
Qwen3,1930,5,0.0,clean
Qwen3,1941,5,0.0,clean
Qwen3,1985,5,0.0,clean
Qwen3,1993,5,0.8,high
Qwen3,2003,5,0.0,clean
Qwen3,2053,5,0.0,clean
Qwen3,2066,5,0.4,low_or_moderate
Qwen3,2086,5,0.0,clean
Qwen3,2087,5,0.0,clean
Qwen3,2192,5,0.2,low_or_moderate
Qwen3,2211,5,0.0,clean
Qwen3,2244,5,0.0,clean
Qwen3,2253,5,0.0,clean
Qwen3,2264,5,0.0,clean
Qwen3,2342,5,0.0,clean
Qwen3,2352,5,0.0,clean
Qwen3,2373,5,0.2,low_or_moderate
Qwen3,2395,5,0.0,clean
Qwen3,2410,5,0.0,clean
Qwen3,2413,5,0.0,clean
Qwen3,2421,5,0.0,clean
Qwen3,2451,5,0.4,low_or_moderate
Qwen3,2464,5,0.0,clean
Qwen3,2512,5,0.0,clean
Qwen3,2531,5,0.0,clean
Qwen3,2560,5,0.0,clean
Qwen3,2598,5,0.0,clean
Qwen3,2626,5,0.0,clean
Qwen3,2640,5,0.0,clean
Qwen3,2645,5,0.0,clean
Qwen3,2664,5,0.0,clean
Qwen3,2670,5,0.0,clean
Qwen3,2675,5,0.0,clean
Qwen3,2684,5,0.0,clean
Qwen3,2708,5,0.0,clean
Qwen3,2718,5,0.0,clean
Qwen3,2733,5,0.0,clean
Qwen3,2739,5,0.0,clean
Qwen3,2754,5,0.0,clean
Qwen3,2794,5,0.0,clean
Qwen3,2817,5,0.0,clean
Qwen3,2822,5,0.0,clean
Qwen3,2852,5,0.0,clean
Qwen3,2868,5,0.0,clean
Qwen3,2876,5,0.0,clean
Qwen3,2893,5,0.0,clean
Qwen3,2957,5,0.0,clean
Qwen3,2983,5,0.0,clean
Qwen3,3016,5,0.4,low_or_moderate
Qwen3,3063,5,0.0,clean
Qwen3,3096,5,0.2,low_or_moderate
Qwen3,3166,5,0.0,clean
Qwen3,3191,5,0.0,clean
Qwen3,3252,5,1.0,high
Qwen3,3303,5,0.0,clean
Qwen3,3362,5,0.0,clean
Qwen3,3387,5,0.0,clean
Qwen3,3404,5,0.0,clean
Qwen3,3411,5,0.0,clean
Qwen3,3447,5,0.0,clean
Qwen3,3477,5,0.0,clean
Qwen3,3549,5,0.2,low_or_moderate
Qwen3,3572,5,0.0,clean
Qwen3,3593,5,0.0,clean
Qwen3,3597,5,0.0,clean
Qwen3,3622,5,0.0,clean
Qwen3,3650,5,0.0,clean
Qwen3,3674,5,0.2,low_or_moderate
Qwen3,3709,5,0.0,clean
Qwen3,3716,5,0.0,clean
Qwen3,3722,5,0.0,clean
Qwen3,3741,5,0.0,clean
Qwen3,3788,5,0.0,clean
Qwen3,3801,5,0.0,clean
Qwen3,3811,5,0.2,low_or_moderate
Qwen3,3818,5,0.0,clean
Qwen3,3823,5,0.2,low_or_moderate
Qwen3,3884,5,0.0,clean
Qwen3,3911,5,0.0,clean
Qwen3,3917,5,0.0,clean
Qwen3,3971,5,0.0,clean
Qwen3,3988,5,0.0,clean
Qwen3,4016,5,0.0,clean
Qwen3,4033,5,0.0,clean
Qwen3,4077,5,0.0,clean
Qwen3,4085,5,0.2,low_or_moderate
Qwen3,4127,5,0.0,clean
Qwen3,4141,5,0.0,clean
Qwen3,4157,5,0.0,clean
Qwen3,4165,5,0.0,clean
Qwen3,4178,5,0.0,clean
Qwen3,4205,5,0.0,clean
Qwen3,4220,5,0.0,clean
Qwen3,4224,5,0.0,clean
Qwen3,4265,5,0.6,high
Qwen3,4287,5,0.0,clean
Qwen3,4323,5,0.0,clean
Qwen3,4337,5,0.0,clean
Qwen3,4371,5,0.2,low_or_moderate
Qwen3,4382,5,0.0,clean
Qwen3,4388,5,0.2,low_or_moderate
Qwen3,4472,5,0.0,clean
Qwen3,4475,5,0.0,clean
Qwen3,4524,5,0.2,low_or_moderate
Qwen3,4535,5,0.0,clean
Qwen3,4544,5,0.0,clean
Qwen3,4555,5,0.0,clean
Qwen3,4627,5,0.0,clean
Qwen3,4629,5,0.0,clean
Qwen3,4652,5,0.0,clean
Qwen3,4690,5,0.0,clean
Qwen3,4696,5,0.0,clean
Qwen3,4721,5,0.0,clean
Qwen3,4765,5,0.0,clean
Qwen3,4808,5,0.0,clean
Qwen3,4849,5,0.0,clean
Llama-3.1,44,5,0.4,low_or_moderate
Llama-3.1,68,5,0.0,clean
Llama-3.1,69,5,0.0,clean
Llama-3.1,79,5,0.0,clean
Llama-3.1,95,5,0.0,clean
Llama-3.1,107,5,0.0,clean
Llama-3.1,119,5,0.0,clean
Llama-3.1,153,5,0.2,low_or_moderate
Llama-3.1,160,5,0.0,clean
Llama-3.1,162,5,0.0,clean
Llama-3.1,176,5,0.0,clean
Llama-3.1,188,5,0.0,clean
Llama-3.1,195,5,0.2,low_or_moderate
Llama-3.1,222,5,0.0,clean
Llama-3.1,247,5,0.0,clean
Llama-3.1,253,5,0.8,high
Llama-3.1,290,5,0.8,high
Llama-3.1,296,5,0.4,low_or_moderate
Llama-3.1,352,5,0.0,clean
Llama-3.1,360,5,0.0,clean
Llama-3.1,392,5,0.0,clean
Llama-3.1,424,5,0.0,clean
Llama-3.1,428,5,0.0,clean
Llama-3.1,495,5,0.0,clean
Llama-3.1,498,5,1.0,high
Llama-3.1,520,5,0.0,clean
Llama-3.1,527,5,0.0,clean
Llama-3.1,554,5,0.0,clean
Llama-3.1,565,5,0.0,clean
Llama-3.1,600,5,0.2,low_or_moderate
Llama-3.1,606,5,0.8,high
Llama-3.1,611,5,0.0,clean
Llama-3.1,619,5,0.0,clean
Llama-3.1,679,5,0.0,clean
Llama-3.1,722,5,0.0,clean
Llama-3.1,728,5,0.6,high
Llama-3.1,758,5,0.0,clean
Llama-3.1,767,5,0.0,clean
Llama-3.1,799,5,0.6,high
Llama-3.1,826,5,0.0,clean
Llama-3.1,833,5,0.0,clean
Llama-3.1,853,5,0.4,low_or_moderate
Llama-3.1,855,5,0.0,clean
Llama-3.1,868,5,0.0,clean
Llama-3.1,875,5,0.4,low_or_moderate
Llama-3.1,898,5,0.0,clean
Llama-3.1,900,5,0.2,low_or_moderate
Llama-3.1,933,5,0.0,clean
Llama-3.1,946,5,0.0,clean
Llama-3.1,985,5,0.0,clean
Llama-3.1,1067,5,0.0,clean
Llama-3.1,1085,5,0.6,high
Llama-3.1,1102,5,0.0,clean
Llama-3.1,1116,5,0.0,clean
Llama-3.1,1133,5,0.2,low_or_moderate
Llama-3.1,1162,5,0.0,clean
Llama-3.1,1185,5,0.0,clean
Llama-3.1,1194,5,0.4,low_or_moderate
Llama-3.1,1198,5,0.0,clean
Llama-3.1,1220,5,0.2,low_or_moderate
Llama-3.1,1222,5,0.4,low_or_moderate
Llama-3.1,1250,5,1.0,high
Llama-3.1,1276,5,1.0,high
Llama-3.1,1325,5,0.2,low_or_moderate
Llama-3.1,1461,5,1.0,high
Llama-3.1,1462,5,0.0,clean
Llama-3.1,1479,5,0.0,clean
Llama-3.1,1492,5,0.0,clean
Llama-3.1,1510,5,0.0,clean
Llama-3.1,1517,5,0.0,clean
Llama-3.1,1519,5,0.0,clean
Llama-3.1,1569,5,0.2,low_or_moderate
Llama-3.1,1637,5,0.0,clean
Llama-3.1,1647,5,0.0,clean
Llama-3.1,1679,5,0.0,clean
Llama-3.1,1702,5,0.0,clean
Llama-3.1,1712,5,0.0,clean
Llama-3.1,1741,5,0.4,low_or_moderate
Llama-3.1,1784,5,0.4,low_or_moderate
Llama-3.1,1806,5,0.4,low_or_moderate
Llama-3.1,1830,5,0.6,high
Llama-3.1,1834,5,0.8,high
Llama-3.1,1890,5,0.0,clean
Llama-3.1,1924,5,0.4,low_or_moderate
Llama-3.1,1930,5,0.2,low_or_moderate
Llama-3.1,1941,5,0.0,clean
Llama-3.1,1985,5,0.2,low_or_moderate
Llama-3.1,1993,5,0.0,clean
Llama-3.1,2003,5,0.0,clean
Llama-3.1,2053,5,0.2,low_or_moderate
Llama-3.1,2066,5,1.0,high
Llama-3.1,2086,5,0.4,low_or_moderate
Llama-3.1,2087,5,0.6,high
Llama-3.1,2192,5,0.2,low_or_moderate
Llama-3.1,2211,5,0.0,clean
Llama-3.1,2244,5,0.0,clean
Llama-3.1,2253,5,0.2,low_or_moderate
Llama-3.1,2264,5,0.2,low_or_moderate
Llama-3.1,2342,5,0.0,clean
Llama-3.1,2352,5,0.0,clean
Llama-3.1,2373,5,1.0,high
Llama-3.1,2395,5,0.6,high
Llama-3.1,2410,5,0.0,clean
Llama-3.1,2413,5,0.0,clean
Llama-3.1,2421,5,0.0,clean
Llama-3.1,2451,5,0.2,low_or_moderate
Llama-3.1,2464,5,0.4,low_or_moderate
Llama-3.1,2512,5,0.0,clean
Llama-3.1,2531,5,0.4,low_or_moderate
Llama-3.1,2560,5,0.0,clean
Llama-3.1,2598,5,0.0,clean
Llama-3.1,2626,5,0.0,clean
Llama-3.1,2640,5,0.2,low_or_moderate
Llama-3.1,2645,5,0.2,low_or_moderate
Llama-3.1,2664,5,0.0,clean
Llama-3.1,2670,5,0.0,clean
Llama-3.1,2675,5,0.2,low_or_moderate
Llama-3.1,2684,5,1.0,high
Llama-3.1,2708,5,0.0,clean
Llama-3.1,2718,5,0.0,clean
Llama-3.1,2733,5,0.8,high
Llama-3.1,2739,5,0.0,clean
Llama-3.1,2754,5,0.0,clean
Llama-3.1,2794,5,1.0,high
Llama-3.1,2817,5,0.0,clean
Llama-3.1,2822,5,0.2,low_or_moderate
Llama-3.1,2852,5,0.0,clean
Llama-3.1,2868,5,0.0,clean
Llama-3.1,2876,5,0.4,low_or_moderate
Llama-3.1,2893,5,0.0,clean
Llama-3.1,2957,5,0.6,high
Llama-3.1,2983,5,0.0,clean
Llama-3.1,3016,5,0.2,low_or_moderate
Llama-3.1,3063,5,0.0,clean
Llama-3.1,3096,5,0.0,clean
Llama-3.1,3166,5,0.2,low_or_moderate
Llama-3.1,3191,5,0.6,high
Llama-3.1,3252,5,1.0,high
Llama-3.1,3303,5,0.0,clean
Llama-3.1,3362,5,0.0,clean
Llama-3.1,3387,5,0.2,low_or_moderate
Llama-3.1,3404,5,0.6,high
Llama-3.1,3411,5,0.8,high
Llama-3.1,3447,5,0.0,clean
Llama-3.1,3477,5,0.0,clean
Llama-3.1,3549,5,0.0,clean
Llama-3.1,3572,5,0.0,clean
Llama-3.1,3593,5,0.4,low_or_moderate
Llama-3.1,3597,5,0.0,clean
Llama-3.1,3622,5,0.0,clean
Llama-3.1,3650,5,0.0,clean
Llama-3.1,3674,5,0.0,clean
Llama-3.1,3709,5,0.0,clean
Llama-3.1,3716,5,0.0,clean
Llama-3.1,3722,5,0.4,low_or_moderate
Llama-3.1,3741,5,0.0,clean
Llama-3.1,3788,5,0.0,clean
Llama-3.1,3801,5,0.2,low_or_moderate
Llama-3.1,3811,5,0.2,low_or_moderate
Llama-3.1,3818,5,0.0,clean
Llama-3.1,3823,5,0.2,low_or_moderate
Llama-3.1,3884,5,0.0,clean
Llama-3.1,3911,5,0.0,clean
Llama-3.1,3917,5,0.0,clean
Llama-3.1,3971,5,0.0,clean
Llama-3.1,3988,5,0.0,clean
Llama-3.1,4016,5,1.0,high
Llama-3.1,4033,5,0.0,clean
Llama-3.1,4077,5,0.0,clean
Llama-3.1,4085,5,0.0,clean
Llama-3.1,4127,5,0.4,low_or_moderate
Llama-3.1,4141,5,0.6,high
Llama-3.1,4157,5,0.8,high
Llama-3.1,4165,5,0.0,clean
Llama-3.1,4178,5,0.0,clean
Llama-3.1,4205,5,0.0,clean
Llama-3.1,4220,5,0.0,clean
Llama-3.1,4224,5,0.0,clean
Llama-3.1,4265,5,0.2,low_or_moderate
Llama-3.1,4287,5,0.8,high
Llama-3.1,4323,5,0.0,clean
Llama-3.1,4337,5,0.2,low_or_moderate
Llama-3.1,4371,5,0.0,clean
Llama-3.1,4382,5,0.0,clean
Llama-3.1,4388,5,0.0,clean
Llama-3.1,4472,5,0.0,clean
Llama-3.1,4475,5,0.0,clean
Llama-3.1,4524,5,0.6,high
Llama-3.1,4535,5,0.8,high
Llama-3.1,4544,5,0.6,high
Llama-3.1,4555,5,0.0,clean
Llama-3.1,4627,5,0.0,clean
Llama-3.1,4629,5,0.0,clean
Llama-3.1,4652,5,0.0,clean
Llama-3.1,4690,5,0.0,clean
Llama-3.1,4696,5,0.0,clean
Llama-3.1,4721,5,0.2,low_or_moderate
Llama-3.1,4765,5,0.0,clean
Llama-3.1,4808,5,0.2,low_or_moderate
Llama-3.1,4849,5,0.2,low_or_moderate
