model,method,fold,n,ast_failure,tokenizer_error,ast_failure_no_import_complete_tokenization,mapping_known,mapping_correct,label_known,label_agree,unknown_answers,known_valid_packages,known_hall_packages,unknown_package_slots,archived_sample_hr,archived_package_hr,archived_valid_rate,audited_sample_hr_lower,audited_sample_hr_upper,audited_sample_hr_tokenizer_scenario_upper,audited_package_hr_one_slot_min,audited_package_hr_one_slot_max,audited_valid_rate_lower,audited_valid_rate_upper,audited_valid_rate_tokenizer_scenario_upper
deepseekcoder,Base,A,500,49,1,15,283,208,280,208,220,489,6,343,0.342,0.26425591098748263,0.642,0.012,0.514,0.45,0.007159904534606206,0.41646778042959426,0.674,0.94,0.908
deepseekcoder,BOUND,A,500,33,2,12,292,204,288,204,212,519,4,314,0.334,0.2580195258019526,0.642,0.008,0.476,0.432,0.0047789725209080045,0.37992831541218636,0.69,0.946,0.922
deepseekcoder,BOUND,B,500,37,4,14,284,210,282,210,218,512,2,341,0.322,0.25180897250361794,0.616,0.004,0.484,0.444,0.0023391812865497076,0.40116959064327484,0.674,0.93,0.902
deepseekcoder,BOUND,C,500,27,2,10,276,198,275,198,225,534,3,362,0.338,0.25471698113207547,0.656,0.006,0.49,0.456,0.0033370411568409346,0.40600667408231367,0.708,0.952,0.932
deepseekcoder,BOUND,D,500,49,3,21,303,225,301,225,199,514,1,350,0.31,0.25245441795231416,0.652,0.002,0.47,0.404,0.0011560693641618498,0.40578034682080927,0.688,0.93,0.888
deepseekcoder,ROME,A,500,500,438,62,500,500,500,500,0,0,0,0,0.0,0,0.0,0.0,1.0,0.876,0,0,0.0,1.0,0.876
deepseekcoder,ROME,B,500,500,433,67,500,500,500,500,0,0,0,0,0.0,0,0.0,0.0,1.0,0.866,0,0,0.0,1.0,0.866
deepseekcoder,ROME,C,500,499,436,63,500,500,500,500,0,0,0,0,0.0,0,0.0,0.0,0.998,0.872,0,0,0.0,0.998,0.872
deepseekcoder,ROME,D,500,42,0,11,281,212,280,212,220,469,4,319,0.34,0.2682926829268293,0.604,0.008,0.498,0.446,0.005050505050505051,0.4078282828282828,0.658,0.92,0.898
deepseekcoder,MEMIT,A,500,48,2,15,297,208,295,208,205,497,4,310,0.346,0.27391304347826084,0.632,0.008,0.484,0.42,0.004932182490752158,0.3871763255240444,0.696,0.936,0.906
deepseekcoder,MEMIT,B,500,54,1,19,285,212,279,212,221,476,4,308,0.354,0.27786032689450224,0.606,0.008,0.518,0.45,0.005076142131979695,0.39593908629441626,0.654,0.93,0.89
deepseekcoder,MEMIT,C,500,59,3,13,281,208,279,208,221,501,6,345,0.362,0.2802816901408451,0.63,0.012,0.526,0.46,0.007042253521126761,0.4119718309859155,0.686,0.952,0.924
deepseekcoder,MEMIT,D,500,49,3,15,275,201,272,201,228,499,3,347,0.358,0.2710926694329184,0.618,0.006,0.52,0.464,0.0035335689045936395,0.4122497055359246,0.676,0.934,0.904
deepseekcoder,DINM,A,500,192,61,22,314,252,313,252,187,448,4,264,0.278,0.25245901639344265,0.556,0.008,0.65,0.5,0.00558659217877095,0.3743016759776536,0.61,0.964,0.92
deepseekcoder,DINM,B,500,145,40,20,299,227,296,227,204,457,2,308,0.332,0.27203647416413373,0.578,0.004,0.616,0.488,0.002607561929595828,0.4041720990873533,0.632,0.958,0.918
deepseekcoder,DINM,C,500,160,37,21,300,225,300,225,200,452,5,299,0.33,0.2839313572542902,0.574,0.01,0.592,0.478,0.006613756613756613,0.4021164021164021,0.614,0.952,0.91
deepseekcoder,DINM,D,500,181,53,23,319,246,312,246,188,435,3,290,0.302,0.27712854757929883,0.554,0.006,0.632,0.486,0.004120879120879121,0.4024725274725275,0.606,0.958,0.912
deepseekcoder,Full-FT,A,500,19,1,9,261,185,258,185,242,571,5,390,0.37,0.27974683544303797,0.656,0.01,0.518,0.49,0.005175983436853002,0.40890269151138714,0.746,0.962,0.944
deepseekcoder,Full-FT,B,500,30,2,10,279,199,277,199,223,541,5,411,0.346,0.2710526315789474,0.632,0.01,0.498,0.454,0.00522466039707419,0.4346917450365726,0.712,0.942,0.922
deepseekcoder,Full-FT,C,500,33,4,10,269,192,269,192,231,502,1,391,0.344,0.27880512091038406,0.628,0.002,0.506,0.468,0.0011185682326621924,0.43847874720357943,0.69,0.948,0.928
deepseekcoder,Full-FT,D,500,23,2,9,267,192,264,192,236,530,1,395,0.356,0.2621870882740448,0.638,0.002,0.5,0.472,0.0010799136069114472,0.42764578833693306,0.706,0.948,0.93
qwen3,Base,A,500,27,2,1,278,194,263,184,237,487,1,368,0.37,0.2784992784992785,0.55,0.002,0.516,0.48,0.0011682242990654205,0.4310747663551402,0.616,0.884,0.882
qwen3,BOUND,A,500,128,22,0,307,196,298,187,202,656,0,402,0.322,0.2097560975609756,0.588,0.0,0.542,0.428,0.0,0.3799621928166352,0.704,0.894,0.894
qwen3,BOUND,B,500,55,12,0,326,234,316,224,184,487,0,342,0.3,0.2327718223583461,0.516,0.0,0.426,0.384,0.0,0.41254523522316044,0.602,0.794,0.794
qwen3,BOUND,C,500,77,17,0,282,179,274,171,226,609,0,389,0.366,0.2344139650872818,0.594,0.0,0.538,0.476,0.0,0.3897795591182365,0.688,0.916,0.916
qwen3,BOUND,D,500,159,47,1,275,159,267,151,233,723,0,487,0.366,0.21781115879828325,0.628,0.0,0.654,0.524,0.0,0.4024793388429752,0.75,0.99,0.988
qwen3,ROME,A,500,190,3,187,500,500,500,500,0,0,0,0,0.0,0,0.0,0.0,0.38,0.006,0,0,0.0,0.38,0.006
qwen3,ROME,B,500,23,3,2,291,201,275,191,225,474,1,333,0.374,0.2859259259259259,0.53,0.002,0.476,0.458,0.0012376237623762376,0.41336633663366334,0.592,0.874,0.87
qwen3,ROME,C,500,500,500,0,500,500,500,500,0,0,0,0,0.0,0,0.0,0.0,1.0,1.0,0,0,0.0,1.0,1.0
qwen3,ROME,D,500,468,347,121,500,500,500,500,0,0,0,0,0.0,0,0.0,0.0,0.936,0.694,0,0,0.0,0.936,0.694
qwen3,MEMIT,A,500,25,2,1,287,197,271,187,229,484,2,362,0.352,0.27218934911242604,0.532,0.004,0.496,0.464,0.0023584905660377358,0.42924528301886794,0.598,0.878,0.876
qwen3,MEMIT,B,500,18,3,1,288,202,273,192,227,462,0,344,0.368,0.28721804511278193,0.51,0.0,0.47,0.458,0.0,0.4267990074441687,0.578,0.854,0.852
qwen3,MEMIT,C,500,24,4,3,290,200,275,190,225,467,3,392,0.38,0.28846153846153844,0.52,0.006,0.484,0.462,0.0034802784222737818,0.4582366589327146,0.59,0.862,0.856
qwen3,MEMIT,D,500,19,3,1,291,205,275,195,225,475,1,326,0.356,0.28355957767722473,0.518,0.002,0.48,0.454,0.0012468827930174563,0.4077306733167082,0.586,0.856,0.854
qwen3,DINM,A,500,37,8,0,289,208,275,198,225,482,3,326,0.354,0.27165932452276065,0.522,0.006,0.5,0.464,0.0036991368680641184,0.40567200986436497,0.586,0.844,0.844
qwen3,DINM,B,500,156,93,50,333,289,325,282,175,320,0,254,0.236,0.26021505376344084,0.38,0.0,0.618,0.508,0.0,0.4425087108013937,0.408,0.86,0.76
qwen3,DINM,C,500,27,3,3,297,215,286,205,214,501,2,320,0.35,0.2636103151862464,0.526,0.004,0.464,0.436,0.002430133657351154,0.39125151883353587,0.602,0.84,0.834
qwen3,DINM,D,500,21,5,1,299,206,285,196,215,471,0,337,0.352,0.27719821162444114,0.5,0.0,0.448,0.436,0.0,0.41707920792079206,0.566,0.82,0.818
qwen3,Full-FT,A,500,81,2,22,412,396,411,395,89,363,0,168,0.082,0.11064718162839249,0.374,0.0,0.28,0.182,0.0,0.3163841807909605,0.336,0.472,0.428
qwen3,Full-FT,B,500,32,3,16,473,465,471,464,29,178,0,41,0.032,0.07407407407407407,0.14,0.0,0.116,0.062,0.0,0.1872146118721461,0.142,0.182,0.15
qwen3,Full-FT,C,500,74,1,17,420,400,414,395,86,283,0,111,0.1,0.14882506527415143,0.274,0.0,0.286,0.174,0.0,0.2817258883248731,0.264,0.382,0.348
qwen3,Full-FT,D,500,107,9,6,360,342,355,339,145,627,0,237,0.158,0.10411311053984576,0.492,0.0,0.43,0.308,0.0,0.2743055555555556,0.486,0.604,0.592
llama3.1,Base,A,500,45,4,3,294,174,290,170,210,603,7,342,0.338,0.24246079613992763,0.694,0.014,0.504,0.442,0.007352941176470588,0.36659663865546216,0.666,0.908,0.902
llama3.1,BOUND,A,500,48,7,6,321,210,321,210,179,623,1,377,0.278,0.19548022598870057,0.708,0.002,0.438,0.372,0.000999000999000999,0.3776223776223776,0.708,0.88,0.868
llama3.1,BOUND,B,500,72,10,12,311,204,309,202,191,709,1,543,0.31,0.19314641744548286,0.724,0.002,0.488,0.402,0.0007980845969672786,0.43415802075019955,0.716,0.884,0.86
llama3.1,BOUND,C,500,38,6,1,276,170,273,167,227,623,8,441,0.358,0.24426605504587157,0.7,0.016,0.526,0.474,0.007462686567164179,0.41884328358208955,0.676,0.9,0.898
llama3.1,BOUND,D,500,44,5,6,320,211,319,211,181,612,3,352,0.288,0.1952941176470588,0.734,0.006,0.424,0.368,0.0031023784901758012,0.3671147880041365,0.7,0.884,0.872
llama3.1,ROME,A,500,500,500,0,500,500,500,500,0,0,0,0,0.0,0,0.0,0.0,1.0,1.0,0,0,0.0,1.0,1.0
llama3.1,ROME,B,500,500,6,494,500,500,500,500,0,0,0,0,0.0,0,0.0,0.0,1.0,0.012,0,0,0.0,1.0,0.012
llama3.1,ROME,C,500,500,460,40,499,499,499,499,1,0,0,1,0.0,0,0.0,0.0,1.0,0.92,0.0,1.0,0.0,1.0,0.92
llama3.1,ROME,D,500,500,451,49,500,500,500,500,0,0,0,0,0.0,0,0.0,0.0,1.0,0.902,0,0,0.0,1.0,0.902
llama3.1,MEMIT,A,500,43,4,3,292,182,287,177,213,613,7,345,0.31,0.21299638989169675,0.698,0.014,0.492,0.442,0.007253886010362694,0.36476683937823834,0.666,0.898,0.892
llama3.1,MEMIT,B,500,44,3,2,291,187,287,183,213,605,2,350,0.346,0.23732718894009217,0.7,0.004,0.502,0.436,0.0020898641588296763,0.367816091954023,0.666,0.902,0.898
llama3.1,MEMIT,C,500,45,3,4,289,182,284,177,216,599,7,355,0.338,0.23739237392373924,0.668,0.014,0.514,0.45,0.007284079084287201,0.37669094693028093,0.66,0.902,0.894
llama3.1,MEMIT,D,500,45,5,1,288,185,284,181,216,613,4,336,0.348,0.23990498812351543,0.69,0.008,0.512,0.448,0.004197271773347324,0.3567681007345226,0.678,0.904,0.902
llama3.1,DINM,A,500,481,449,21,454,450,454,450,46,15,0,58,0.038,0.5409836065573771,0.044,0.0,0.974,0.93,0.0,0.7945205479452054,0.03,0.976,0.934
llama3.1,DINM,B,500,493,490,3,499,499,499,499,1,0,0,1,0.0,0,0.0,0.0,0.986,0.98,0.0,1.0,0.0,0.986,0.98
llama3.1,DINM,C,500,489,486,3,499,499,499,499,1,1,0,1,0.0,0.0,0.002,0.0,0.98,0.974,0.0,0.5,0.002,0.982,0.976
llama3.1,DINM,D,500,493,374,119,499,499,499,499,1,0,0,1,0.0,0,0.0,0.0,0.986,0.748,0.0,1.0,0.0,0.986,0.748
llama3.1,Full-FT,A,500,40,6,33,499,499,499,499,1,2,0,1,0.0,0.0,0.002,0.0,0.08,0.014,0.0,0.3333333333333333,0.002,0.08,0.014
llama3.1,Full-FT,B,500,14,0,14,500,500,500,500,0,0,0,0,0.0,0,0.0,0.0,0.028,0.0,0,0,0.0,0.028,0.0
llama3.1,Full-FT,C,500,4,0,4,500,500,500,500,0,0,0,0,0.0,0,0.0,0.0,0.008,0.0,0,0,0.0,0.008,0.0
llama3.1,Full-FT,D,500,95,8,87,500,500,500,500,0,0,0,0,0.0,0,0.0,0.0,0.19,0.016,0,0,0.0,0.19,0.016
